R,Nome,Squadra,Fm,Punteggio
P,Di Gregorio,Monza,5.85,8.0
P,Sommer,Inter,5.68,7.5
P,Szczesny,Juventus,5.5,5.0
P,Skorupski,Bologna,5.39,5.0
P,Terracciano,Fiorentina,5.38,6.0
P,Falcone,Lecce,5.29,6.0
P,Provedel,Lazio,5.21,7.0
P,Milinkovic-Savic V.,Torino,4.88,7.0
P,Rui Patricio,Roma,4.89,5.0
P,Maignan,Milan,4.91,7.0
P,Montipo',Verona,4.79,3.5
P,Consigli,Sassuolo,4.62,4.5
P,Meret,Napoli,4.62,2.5
P,Musso,Atalanta,5.0,3.0
P,Berisha,Empoli,4.54,5.0
P,Silvestri,Udinese,4.32,2.0
P,Turati,Frosinone,4.42,2.5
P,Martinez Jo.,Genoa,4.5,5.0
P,Carnesecchi,Atalanta,4.7,0.0
P,Ochoa,Salernitana,4.32,0.0
P,Radunovic,Cagliari,4.0,0.0
P,Scuffet,Cagliari,4.07,5.5
P,Sportiello,Milan,5.75,0.0
P,Gollini,Napoli,5.25,0.0
P,Mirante,Milan,6.0,0.0
P,Costil,Salernitana,4.5,4.0
P,Sepe,Lazio,0.0,0.0
P,Leali,Genoa,5.0,0.0
P,Lamanna,Monza,0.0,0.0
P,Perin,Juventus,5.5,0.0
P,Sommariva,Genoa,0.0,0.0
P,Pegolo,Sassuolo,0.0,0.0
P,Perilli,Verona,0.0,0.0
P,Padelli,Udinese,0.0,0.0
P,Perisan,Empoli,3.0,0.0
P,Audero,Inter,0.0,0.0
P,Di Gennaro,Inter,0.0,0.0
P,Pinsoglio,Juventus,0.0,0.0
P,Aresti,Cagliari,0.0,0.0
P,Fiorillo,Salernitana,0.0,0.0
P,Cragno,Sassuolo,3.25,0.0
P,Cerofolini,Frosinone,5.5,0.0
P,Rossi F.,Atalanta,0.0,0.0
P,Ravaglia F.,Bologna,0.0,0.0
P,Frattali,Frosinone,0.0,0.0
P,Contini,Napoli,0.0,0.0
P,Brancolini,Lecce,0.0,0.0
P,Caprile,Empoli,4.0,0.0
P,Bleve,Lecce,0.0,0.0
P,Berardi A.,Verona,0.0,0.0
P,Gemello,Torino,3.0,0.0
P,Boer,Roma,0.0,0.0
P,Adamonis,Lazio,0.0,0.0
P,Piana,Udinese,0.0,0.0
P,Bagnolini,Bologna,0.0,0.0
P,Luis Maximiano,Lazio,0.0,0.0
P,Svilar,Roma,0.0,0.0
P,Sorrentino A.,Monza,4.0,0.0
P,Martinelli T.,Fiorentina,0.0,0.0
P,Popa,Torino,0.0,0.0
P,Stubljar,Empoli,0.0,0.0
P,Stankovic F.,Inter,0.0,0.0
P,Gori,Monza,0.0,0.0
P,Christensen O.,Fiorentina,2.75,0.0
P,Borbei,Lecce,0.0,0.0
P,Palmisani,Frosinone,0.0,0.0
P,Okoye,Udinese,0.0,0.0
P,Mandas,Lazio,0.0,0.0
P,Nava,Milan,0.0,0.0
P,Gasperini T.,Bologna,0.0,0.0
D,Dimarco,Inter,7.15,6.0
D,Dumfries,Inter,6.88,6.5
D,Di Lorenzo,Napoli,6.61,5.5
D,Spinazzola,Roma,6.62,5.5
D,Acerbi,Inter,6.64,7.0
D,Buongiorno,Torino,6.73,6.0
D,Tomori,Milan,6.58,10.0
D,Martinez Quarta,Fiorentina,6.5,6.0
D,Bremer,Juventus,6.39,6.0
D,Hernandez T.,Milan,6.64,7.0
D,Carlos Augusto,Inter,6.29,6.5
D,Biraghi,Fiorentina,6.45,7.5
D,De Vrij,Inter,6.21,6.0
D,Darmian,Inter,6.21,6.0
D,Toljan,Sassuolo,6.31,5.5
D,Calabria,Milan,6.21,6.5
D,Marchizza,Frosinone,6.19,0.0
D,Mancini,Roma,6.25,6.0
D,Kolasinac,Atalanta,6.17,0.0
D,Danilo,Juventus,6.33,6.0
D,Kyriakopoulos,Monza,6.23,4.5
D,Monterisi,Frosinone,6.5,5.0
D,Ruggeri,Atalanta,6.23,5.5
D,Dragusin,Genoa,6.29,6.0
D,Maehle,Atalanta,0.0,0.0
D,Vasquez,Genoa,6.12,6.0
D,Cambiaso,Juventus,6.23,6.5
D,Schuurs,Torino,6.33,0.0
D,Calafiori,Bologna,6.1,5.0
D,Ostigard,Napoli,6.11,5.0
D,Gatti,Juventus,6.29,10.0
D,Kristensen,Roma,6.23,9.5
D,Dossena,Cagliari,6.25,6.0
D,Romagnoli S.,Frosinone,6.0,5.5
D,Romagnoli,Lazio,5.92,0.0
D,De Silvestri,Bologna,6.64,0.0
D,Gosens,Inter,0.0,0.0
D,Rodriguez R.,Torino,5.93,7.0
D,Pavard,Inter,6.08,0.0
D,Terracciano F.,Verona,6.08,6.0
D,Bijol,Udinese,6.0,0.0
D,Posch,Bologna,5.94,6.5
D,Kristiansen,Bologna,5.95,5.5
D,Rugani,Juventus,6.67,0.0
D,Zappacosta,Atalanta,5.91,0.0
D,Bastoni,Inter,5.94,0.0
D,Karsdorp,Roma,6.22,5.5
D,Lazzari,Lazio,6.11,7.0
D,Bani,Genoa,6.05,0.0
D,Lykogiannis,Bologna,6.25,10.0
D,Demiral,Atalanta,0.0,0.0
D,Singo,Torino,0.0,0.0
D,Llorente D.,Roma,6.0,6.0
D,Ebosele,Udinese,6.0,6.0
D,Beukema,Bologna,6.0,0.0
D,Kayode,Fiorentina,6.29,6.5
D,Cuadrado,Inter,6.33,7.5
D,Djimsiti,Atalanta,5.88,6.0
D,Lirola,Frosinone,7.0,0.0
D,Smalling,Roma,5.67,0.0
D,Ibanez,Roma,0.0,0.0
D,Lazaro,Torino,6.0,0.0
D,Rrahmani,Napoli,5.78,4.5
D,Zappa,Cagliari,5.89,6.0
D,Mari',Monza,5.88,6.0
D,Caldirola,Monza,5.96,5.5
D,Scalvini,Atalanta,5.69,4.0
D,Kamara H.,Udinese,5.95,0.0
D,Birindelli,Monza,5.92,5.5
D,Gendrey,Lecce,5.82,6.0
D,Lucumi',Bologna,6.06,6.0
D,Sabelli,Genoa,5.83,5.5
D,Rogerio,Sassuolo,0.0,0.0
D,Kabasele,Udinese,6.0,9.0
D,Augello,Cagliari,5.82,0.0
D,Gallo,Lecce,5.86,0.0
D,Bellanova,Torino,5.77,7.0
D,Carboni A.,Monza,5.9,6.0
D,Erlic,Sassuolo,5.75,4.5
D,Bakker,Atalanta,5.5,5.0
D,Ebuehi,Empoli,5.89,0.0
D,Mazzocchi,Salernitana,5.64,5.0
D,Pongracic,Lecce,5.75,5.5
D,Holm,Atalanta,5.9,5.0
D,De Winter,Genoa,5.9,6.5
D,Baschirotto,Lecce,5.69,6.5
D,Olivera,Napoli,5.82,0.0
D,Azzi,Cagliari,5.94,5.5
D,Oyono,Frosinone,5.81,6.0
D,Dorgu,Lecce,5.81,5.5
D,D'ambrosio,Monza,5.65,5.5
D,Luperto,Empoli,5.61,6.5
D,Florenzi,Milan,5.78,6.0
D,Milenkovic,Fiorentina,5.5,6.0
D,Marusic,Lazio,5.68,5.5
D,Magnani,Verona,5.67,0.0
D,N'dicka,Roma,5.73,5.5
D,Zortea,Atalanta,6.88,0.0
D,Vojvoda,Torino,5.93,6.5
D,Perez N.,Udinese,5.68,6.0
D,Doig,Verona,5.75,0.0
D,Thiaw,Milan,5.59,0.0
D,Zemura,Udinese,5.8,5.0
D,Natan,Napoli,5.69,5.0
D,Hysaj,Lazio,5.58,0.0
D,Mario Rui,Napoli,5.57,0.0
D,Bonucci,Juventus,0.0,0.0
D,Patric,Lazio,5.81,6.5
D,Faraoni,Verona,5.5,0.0
D,Toloi,Atalanta,5.58,0.0
D,Ceccherini,Verona,0.0,0.0
D,Fazio,Salernitana,5.71,5.0
D,Biraschi,Genoa,9.0,0.0
D,Hateboer,Atalanta,5.75,5.0
D,Okoli,Frosinone,5.5,5.5
D,Dawidowicz,Verona,5.75,0.0
D,Pirola,Salernitana,5.45,4.5
D,Ismajli,Empoli,5.55,6.0
D,Bastoni S.,Empoli,5.33,0.0
D,Parisi,Fiorentina,5.55,0.0
D,Casale,Lazio,5.67,0.0
D,Vina,Sassuolo,5.57,5.5
D,Bradaric,Salernitana,5.61,5.5
D,Haps,Genoa,5.93,6.0
D,Viti,Sassuolo,5.88,0.0
D,Cacace,Empoli,5.5,6.0
D,Hien,Verona,5.71,0.0
D,Pedersen,Sassuolo,5.57,0.0
D,Izzo,Monza,5.5,0.0
D,Juan Jesus,Napoli,5.9,0.0
D,Goldaniga,Cagliari,5.5,5.5
D,Alex Sandro,Juventus,6.0,6.5
D,Bereszynski,Empoli,5.36,6.0
D,Martin,Genoa,5.3,0.0
D,Walukiewicz,Empoli,5.38,0.0
D,Lovato,Salernitana,5.39,0.0
D,Kalulu,Milan,5.83,0.0
D,Amione,Verona,5.42,4.0
D,Altare,Cagliari,0.0,0.0
D,Stojanovic,Empoli,0.0,0.0
D,Zima,Torino,6.0,0.0
D,Ferreira J.,Udinese,5.55,5.5
D,Hatzidiakos,Cagliari,5.38,4.0
D,Gyomber,Salernitana,5.05,0.0
D,Pereira P.,Monza,5.7,6.0
D,Ferrari G.,Sassuolo,5.5,0.0
D,Venuti,Lecce,6.0,0.0
D,Bonifazi,Bologna,6.5,0.0
D,Pellegrini Lu.,Lazio,5.42,0.0
D,Mina,Fiorentina,0.0,0.0
D,Ranieri L.,Fiorentina,5.43,5.5
D,Celik,Roma,5.25,0.0
D,Ballo-Toure',Milan,0.0,0.0
D,Di Pardo,Cagliari,5.75,0.0
D,Daniliuc,Salernitana,5.36,5.0
D,Obert,Cagliari,5.25,0.0
D,Tressoldi,Sassuolo,5.11,5.0
D,Hefti,Genoa,5.62,0.0
D,Gila,Lazio,6.0,6.5
D,Dodo',Fiorentina,5.5,0.0
D,Guessand A.,Udinese,5.5,0.0
D,Missori,Sassuolo,5.5,0.0
D,Vogliacco,Genoa,5.25,5.0
D,Gonzalez F.,Juventus,0.0,0.0
D,Bonfanti,Atalanta,5.5,0.0
D,Wieteska,Cagliari,5.3,0.0
D,Touba,Lecce,5.5,0.0
D,Sazonov,Torino,5.67,0.0
D,Masina,Udinese,0.0,0.0
D,Dermaku,Lecce,0.0,0.0
D,Tonelli,Empoli,0.0,0.0
D,De Sciglio,Juventus,0.0,0.0
D,Capradossi,Cagliari,0.0,0.0
D,Pezzella Giu.,Empoli,5.25,0.0
D,Pajac,Genoa,0.0,0.0
D,Palomino,Atalanta,0.0,0.0
D,Donati,Monza,0.0,0.0
D,Kjaer,Milan,5.5,0.0
D,Bettella,Monza,0.0,0.0
D,Gunter,Verona,0.0,0.0
D,Djidji,Torino,0.0,0.0
D,Kumbulla,Roma,0.0,0.0
D,Soumaoro,Bologna,0.0,0.0
D,Antov,Monza,0.0,0.0
D,Amey,Bologna,0.0,0.0
D,Zanoli,Napoli,6.0,0.0
D,Soppy,Torino,6.0,0.0
D,Cittadini,Monza,0.0,0.0
D,Coppola D.,Verona,5.0,5.0
D,Sambia,Salernitana,6.0,0.0
D,Ebosse,Udinese,0.0,0.0
D,Abankwah,Udinese,0.0,0.0
D,Bronn,Salernitana,0.0,0.0
D,Cabal,Verona,6.0,0.0
D,Sosa,Bologna,0.0,0.0
D,Ehizibue,Udinese,0.0,0.0
D,Guarino,Empoli,0.0,0.0
D,Carboni F.,Monza,0.0,0.0
D,Flamingo,Sassuolo,0.0,0.0
D,Bisseck,Inter,0.0,0.0
D,Smajlovic,Lecce,0.0,0.0
D,Szyminski,Frosinone,0.0,0.0
D,Klitten,Frosinone,0.0,0.0
D,Matturro,Genoa,4.25,0.0
D,N'guessan,Torino,0.0,0.0
D,Corazza,Bologna,5.67,0.0
D,Mateus Lusuardi,Frosinone,0.0,0.0
D,Kalaj,Frosinone,0.0,0.0
D,Pierozzi,Fiorentina,0.0,0.0
D,Huijsen,Juventus,0.0,0.0
D,Pellegrino,Milan,5.0,0.0
D,Kristensen T.,Udinese,5.3,0.0
D,Comuzzo,Fiorentina,0.0,0.0
D,Bartesaghi,Milan,6.0,0.0
D,Simic J.,Milan,0.0,0.0
C,Calhanoglu,Inter,7.82,10.0
C,Pulisic,Milan,7.92,10.5
C,Bonaventura,Fiorentina,7.71,10.0
C,Politano,Napoli,7.75,5.5
C,Koopmeiners,Atalanta,7.0,5.0
C,Gudmundsson A.,Genoa,7.83,0.0
C,Ferguson,Bologna,7.07,6.5
C,Colpani,Monza,7.89,5.5
C,Orsolini,Bologna,7.0,0.0
C,Mkhitaryan,Inter,7.04,6.5
C,Candreva,Salernitana,6.96,5.0
C,Luis Alberto,Lazio,6.81,6.0
C,Samardzic,Udinese,6.82,7.5
C,Zielinski,Napoli,6.71,5.5
C,Ederson D.s.,Atalanta,7.0,5.5
C,Cristante,Roma,6.79,6.0
C,Zaccagni,Lazio,6.17,0.0
C,Rabiot,Juventus,6.73,11.5
C,Felipe Anderson,Lazio,6.43,5.5
C,Barella,Inter,6.57,12.0
C,Duncan,Fiorentina,6.73,6.5
C,Reijnders,Milan,6.5,6.0
C,El Shaarawy,Roma,6.65,6.0
C,Aouar,Roma,6.71,0.0
C,Loftus-Cheek,Milan,6.55,6.5
C,Duda,Verona,6.38,6.0
C,Kostic,Juventus,6.42,6.0
C,Brescianini,Frosinone,6.71,10.0
C,Frendrup,Genoa,6.43,6.5
C,Pereyra,Udinese,6.44,7.0
C,Viola,Cagliari,7.12,5.5
C,Pasalic,Atalanta,6.23,6.0
C,Pessina,Monza,6.21,6.0
C,Frattesi,Inter,6.23,6.0
C,Malinovskyi,Genoa,6.55,9.5
C,Mckennie,Juventus,6.19,6.0
C,Radonjic,Torino,7.43,0.0
C,Reinier,Frosinone,6.57,5.5
C,Vlasic,Torino,6.38,9.5
C,De Ketelaere,Atalanta,6.29,5.0
C,De Roon,Atalanta,6.12,5.0
C,Gagliardini,Monza,6.25,5.5
C,Mazzitelli,Frosinone,6.45,0.0
C,Elmas,Napoli,6.62,6.0
C,Dominguez,Bologna,5.75,0.0
C,Bajrami,Sassuolo,6.27,0.0
C,Matheus Henrique,Sassuolo,6.83,9.5
C,Thorstvedt,Sassuolo,6.82,5.5
C,Oudin,Lecce,7.0,6.0
C,Oristanio,Cagliari,6.31,6.0
C,Vecino,Lazio,6.75,0.0
C,Lazovic,Verona,6.2,6.0
C,Locatelli,Juventus,6.19,0.0
C,Arthur Melo,Fiorentina,6.14,7.0
C,Nandez,Cagliari,6.5,0.0
C,Messias,Genoa,7.67,7.0
C,Ilic,Torino,6.29,6.5
C,Baldanzi,Empoli,6.33,0.0
C,Gomez,Monza,6.25,0.0
C,Mandragora,Fiorentina,6.14,0.0
C,Renato Sanches,Roma,6.83,0.0
C,Guendouzi,Lazio,5.92,6.5
C,Thorsby,Genoa,6.1,0.0
C,Strefezza,Lecce,6.0,6.0
C,Chukwueze,Milan,5.83,6.0
C,Hjulmand,Lecce,0.0,0.0
C,Kamada,Lazio,6.17,6.0
C,Lindstrom,Napoli,5.94,6.0
C,Paredes,Roma,6.0,6.0
C,Jankto,Cagliari,6.38,0.0
C,Matic,Roma,0.0,0.0
C,Lobotka,Napoli,5.93,5.5
C,Tameze,Torino,6.14,6.0
C,Musah,Milan,5.95,6.5
C,Kovalenko,Empoli,7.2,7.5
C,Bove,Roma,6.17,5.5
C,Aebischer,Bologna,6.0,5.5
C,Fazzini,Empoli,6.17,6.0
C,Boloca,Sassuolo,5.96,3.5
C,Rafia,Lecce,6.08,6.0
C,Verdi,Torino,0.0,0.0
C,Strootman,Genoa,6.11,0.0
C,Pellegrini Lo.,Roma,6.17,6.0
C,Zambo Anguissa,Napoli,5.83,5.5
C,Schouten,Bologna,0.0,0.0
C,Marin,Empoli,5.91,6.0
C,Ndoye,Bologna,5.88,7.0
C,Sabiri,Fiorentina,0.0,0.0
C,Miretti,Juventus,6.11,0.0
C,Lovric,Udinese,5.71,5.5
C,Vignato S.,Monza,6.25,0.0
C,Ciurria,Monza,5.88,5.5
C,Fabbian,Bologna,7.88,6.0
C,Ibrahimovic A.,Frosinone,7.0,5.0
C,Cataldi,Lazio,5.91,6.0
C,Freuler,Bologna,5.95,6.0
C,Garritano,Frosinone,6.14,0.0
C,Walace,Udinese,5.96,5.5
C,Sottil,Fiorentina,6.5,11.5
C,Weah,Juventus,6.07,0.0
C,Ricci S.,Torino,5.83,0.0
C,Carboni V.,Monza,7.5,10.0
C,Folorunsho,Verona,5.96,5.0
C,Tchatchoua,Verona,6.17,6.0
C,Payero,Udinese,6.0,5.5
C,Saponara,Verona,6.0,0.0
C,Kastanos,Salernitana,6.0,5.0
C,Rovella,Lazio,5.8,5.5
C,Fagioli,Juventus,6.08,0.0
C,Amrabat,Fiorentina,0.0,0.0
C,Ikone',Fiorentina,5.83,6.0
C,Gyasi,Empoli,5.89,0.0
C,Bohinen,Salernitana,5.79,5.0
C,Gonzalez J.,Lecce,6.0,5.5
C,Moro N.,Bologna,6.0,6.0
C,Iling Junior,Juventus,6.38,0.0
C,Barrenechea,Frosinone,5.73,5.0
C,Suslov,Verona,6.0,7.5
C,Grassi,Empoli,5.59,6.5
C,Badelj,Genoa,5.85,7.0
C,Pogba,Juventus,6.0,0.0
C,Barak,Fiorentina,5.83,0.0
C,Lopez M.,Fiorentina,5.57,6.0
C,Zalewski,Roma,5.88,0.0
C,Hongla,Verona,5.8,0.0
C,Harroui,Frosinone,8.67,0.0
C,Blin,Lecce,6.0,6.0
C,Makoumbou,Cagliari,5.64,3.0
C,Ramadani,Lecce,5.69,5.0
C,Kutlu,Genoa,6.0,6.0
C,Krunic,Milan,5.72,0.0
C,Machin,Monza,5.75,5.0
C,Baez,Frosinone,5.83,0.0
C,Aramu,Genoa,0.0,0.0
C,Linetty,Torino,5.7,6.0
C,Castillejo,Sassuolo,5.8,0.0
C,Klaassen,Inter,6.0,0.0
C,Nicolussi Caviglia,Juventus,6.5,7.5
C,Gaetano,Napoli,7.75,0.0
C,Saelemaekers,Bologna,5.44,4.5
C,Miranchuk,Atalanta,5.5,5.0
C,Racic,Sassuolo,5.83,6.0
C,Pobega,Milan,5.92,0.0
C,Maleh,Empoli,5.45,6.0
C,Coulibaly L.,Salernitana,5.67,4.5
C,Marcos Antonio,Lazio,0.0,0.0
C,Adli,Milan,5.92,6.0
C,Tchaouna,Salernitana,6.1,6.0
C,El Azzouzi,Bologna,6.33,0.0
C,Cajuste ,Napoli,5.69,0.0
C,Kaba,Lecce,5.65,0.0
C,Legowski,Salernitana,5.5,5.5
C,Martegani,Salernitana,5.69,0.0
C,Haas,Empoli,5.0,0.0
C,Bennacer,Milan,0.0,0.0
C,Bourabia,Frosinone,5.67,5.0
C,Castrovilli,Fiorentina,0.0,0.0
C,Henderson L.,Empoli,0.0,0.0
C,Maldini,Empoli,5.83,6.0
C,Kourfalidis,Cagliari,0.0,0.0
C,Ranocchia F.,Empoli,5.67,5.0
C,Bondo,Monza,5.9,0.0
C,Mboula,Verona,5.5,0.0
C,Prati,Cagliari,5.61,6.5
C,Serdar,Verona,5.6,0.0
C,Mancosu,Cagliari,4.33,0.0
C,Deiola,Cagliari,5.33,0.0
C,Coulibaly M.,Salernitana,0.0,0.0
C,Vignato,Bologna,0.0,0.0
C,Valoti,Monza,0.0,0.0
C,Maggiore,Salernitana,5.39,5.5
C,Urbanski,Bologna,6.0,0.0
C,Romero L.,Milan,5.75,0.0
C,Asllani,Inter,6.0,0.0
C,Volpato,Sassuolo,6.0,0.0
C,Sulemana I.,Cagliari,5.5,6.5
C,Gineitis,Torino,5.5,0.0
C,Amatucci,Fiorentina,5.5,0.0
C,Gelli,Frosinone,5.7,5.5
C,Pagano,Roma,6.0,0.0
C,D'alessandro,Monza,0.0,0.0
C,Lulic K.,Frosinone,0.0,0.0
C,Benassi,Fiorentina,0.0,0.0
C,Sensi,Inter,0.0,0.0
C,Rog,Cagliari,0.0,0.0
C,Melegoni,Genoa,0.0,0.0
C,Crociata,Empoli,0.0,0.0
C,Jagiello,Genoa,5.0,0.0
C,Obiang,Sassuolo,0.0,0.0
C,Demme,Napoli,0.0,0.0
C,Quina,Udinese,0.0,0.0
C,Adopo,Atalanta,6.25,0.0
C,Akpa Akpro,Monza,0.0,0.0
C,Basic,Lazio,0.0,0.0
C,Pyyhtia,Bologna,0.0,0.0
C,Pafundi,Udinese,0.0,0.0
C,Helgason,Lecce,0.0,0.0
C,Hrustic,Verona,0.0,0.0
C,Zerbin,Napoli,0.0,0.0
C,Ilkhan,Torino,0.0,0.0
C,Degli Innocenti,Empoli,0.0,0.0
C,Faticanti,Lecce,0.0,0.0
C,Belardinelli,Empoli,0.0,0.0
C,Zarraga,Udinese,5.0,0.0
C,Camara E.,Udinese,0.0,0.0
C,Lella,Cagliari,0.0,0.0
C,Haoudi,Frosinone,0.0,0.0
C,Lipani,Sassuolo,0.0,0.0
C,Saco,Napoli,0.0,0.0
C,Joselito,Verona,0.0,0.0
C,Infantino,Fiorentina,5.5,0.0
A,Martinez L.,Inter,9.71,7.5
A,Berardi,Sassuolo,8.33,6.0
A,Osimhen,Napoli,8.0,5.0
A,Thuram,Inter,8.11,10.0
A,Giroud,Milan,8.59,0.0
A,Lukaku,Roma,7.46,5.5
A,Rafael Leao,Milan,7.59,0.0
A,Kvaratskhelia,Napoli,7.38,5.5
A,Scamacca,Atalanta,8.28,0.0
A,Dybala,Roma,7.9,11.5
A,Gonzalez N.,Fiorentina,8.04,0.0
A,Lookman,Atalanta,7.19,5.0
A,Chiesa,Juventus,7.29,6.0
A,Vlahovic,Juventus,6.92,2.0
A,Zirkzee,Bologna,7.71,6.0
A,Dia,Salernitana,7.15,5.5
A,Retegui,Genoa,7.17,6.0
A,Zapata D.,Torino,7.19,13.5
A,Immobile,Lazio,6.79,6.0
A,Pinamonti,Sassuolo,7.04,5.5
A,Soule',Frosinone,8.25,6.0
A,Cabral,Fiorentina,0.0,0.0
A,Beto,Udinese,5.5,0.0
A,Milik,Juventus,6.89,5.0
A,Krstovic,Lecce,6.85,5.5
A,Colombo,Monza,6.92,5.5
A,Ngonge,Verona,7.08,11.5
A,Sanabria,Torino,6.5,10.5
A,Raspadori,Napoli,6.77,6.0
A,Luvumbo,Cagliari,6.77,6.0
A,Lauriente',Sassuolo,6.39,5.5
A,Caputo,Empoli,6.62,6.0
A,Djuric,Verona,6.96,9.0
A,Almqvist,Lecce,6.58,6.0
A,Okafor,Milan,6.61,0.0
A,Belotti,Roma,7.94,0.0
A,Castellanos,Lazio,6.5,5.5
A,Cheddira,Frosinone,6.41,0.0
A,Thauvin,Udinese,6.54,8.0
A,Barrow,Bologna,0.0,0.0
A,Arnautovic,Inter,6.33,0.0
A,Piccoli,Lecce,6.75,10.0
A,Nzola,Fiorentina,5.93,6.0
A,Azmoun,Roma,6.9,6.0
A,Ceesay,Lecce,0.0,0.0
A,Lucca,Udinese,7.18,13.5
A,Banda,Lecce,6.6,6.0
A,Correa,Inter,0.0,0.0
A,Sansone,Lecce,7.0,5.5
A,Brekalo,Fiorentina,6.39,6.0
A,Lozano,Napoli,0.0,0.0
A,Bonazzoli,Verona,6.04,0.0
A,Kouame',Fiorentina,6.36,6.0
A,Cambiaghi,Empoli,6.04,6.5
A,Beltran L.,Fiorentina,6.25,10.0
A,Muriel,Atalanta,6.06,5.5
A,Di Francesco F.,Lecce,10.0,0.0
A,Simeone,Napoli,6.07,0.0
A,Jovane,Salernitana,6.17,0.0
A,Cuni,Frosinone,6.31,5.0
A,Pavoletti,Cagliari,7.14,0.0
A,Kean,Juventus,6.0,5.5
A,Jovic,Milan,6.19,11.0
A,Sanchez,Inter,5.88,0.0
A,Pedro,Lazio,6.08,10.0
A,Henry,Verona,7.75,9.5
A,Petagna,Cagliari,5.94,5.5
A,Cancellieri,Empoli,6.04,10.0
A,Solbakken,Roma,5.5,0.0
A,Ikwuemesi,Salernitana,6.06,5.0
A,Lapadula,Cagliari,5.67,5.5
A,Caprari,Monza,6.0,0.0
A,Abraham,Roma,0.0,0.0
A,Shomurodov,Cagliari,5.83,0.0
A,Mota,Monza,5.67,5.5
A,Toure' E.,Atalanta,0.0,0.0
A,Isaksen,Lazio,5.75,6.0
A,Lasagna,Verona,0.0,0.0
A,Defrel,Sassuolo,6.25,0.0
A,Deulofeu,Udinese,0.0,0.0
A,Coda M.,Genoa,0.0,0.0
A,Karamoh,Torino,6.12,0.0
A,Caso,Frosinone,6.0,5.5
A,Davis K.,Udinese,0.0,0.0
A,Mulattieri,Sassuolo,6.0,0.0
A,Maric,Monza,7.0,0.0
A,Karlsson,Bologna,5.9,0.0
A,Ekuban,Genoa,5.81,0.0
A,Success,Udinese,5.42,0.0
A,Seck,Torino,5.92,0.0
A,Brenner,Udinese,0.0,0.0
A,Pellegri,Torino,5.67,0.0
A,Origi,Milan,0.0,0.0
A,Esposito,Inter,0.0,0.0
A,Puscas,Genoa,5.33,0.0
A,Simy,Salernitana,5.5,0.0
A,Van Hooijdonk,Bologna,5.75,5.5
A,Kaio Jorge,Frosinone,5.5,5.5
A,Ceide,Sassuolo,5.62,0.0
A,Botheim,Salernitana,5.2,0.0
A,Borrelli,Frosinone,6.0,0.0
A,Stewart,Salernitana,5.83,0.0
A,Destro,Empoli,5.5,0.0
A,Latte Lath,Atalanta,0.0,0.0
A,Ake' M.,Udinese,0.0,0.0
A,Kokorin,Fiorentina,0.0,0.0
A,Braaf,Verona,0.0,0.0
A,Raimondo,Bologna,0.0,0.0
A,Kallon,Verona,0.0,0.0
A,Voelkerling Persson,Lecce,0.0,0.0
A,Valencia D.,Salernitana,0.0,0.0
A,Alvarez A.,Sassuolo,0.0,0.0
A,Rodriguez P.,Lecce,0.0,0.0
A,Ekong,Empoli,0.0,0.0
A,Vivaldo,Udinese,0.0,0.0
A,Kvernadze,Frosinone,5.75,0.0
A,Bidaoui,Frosinone,0.0,0.0
A,Yalcin,Genoa,0.0,0.0
A,Diaw,Monza,0.0,0.0
A,Shpendi S.,Empoli,5.88,0.0
A,Burnete,Lecce,6.0,0.0
A,Corfitzen,Lecce,0.0,0.0
A,Yildiz,Juventus,6.0,0.0
A,Cruz,Verona,5.5,0.0
A,Camarda,Milan,0.0,0.0
